event_id,commence_time,api_home_team,api_away_team,home_team,away_team,home_odds,draw_odds,away_odds,bookmaker,market,regions,last_update,fetched_at,snapshot_type,target_round,capture_reason
oddsapiio:72055098,2026-08-18T01:00:00Z,Club Necaxa,Club Leon,Necaxa,Leon,2.24,3.60,3.15,duel,h2h,oddsapiio,2026-08-12T07:54:29.495Z,2026-08-12T09:03:11Z,open,4,odds-api.io first-seen open price @ 2026-08-12T09:03:11.851493+00:00
oddsapiio:72055100,2026-08-18T03:00:00Z,CF Pachuca,Club Puebla,Pachuca,Puebla,1.51,4.30,6.60,duel,h2h,oddsapiio,2026-08-12T07:54:29.495Z,2026-08-12T09:03:11Z,open,4,odds-api.io first-seen open price @ 2026-08-12T09:03:11.851493+00:00
oddsapiio:72055088,2026-08-16T03:10:00Z,Atlas FC,Tigres UANL,Atlas,Tigres UANL,3.20,3.25,2.15,betano,h2h,oddsapiio,2026-08-10T19:38:34.147Z,2026-08-12T09:03:11Z,open,4,odds-api.io first-seen open price @ 2026-08-12T09:03:11.851493+00:00
oddsapiio:72055088,2026-08-16T03:10:00Z,Atlas FC,Tigres UANL,Atlas,Tigres UANL,3.35,3.35,2.26,duel,h2h,oddsapiio,2026-08-12T07:54:29.495Z,2026-08-12T09:03:11Z,open,4,odds-api.io first-seen open price @ 2026-08-12T09:03:11.851493+00:00
oddsapiio:72055092,2026-08-16T23:00:00Z,CF America,Atletico San Luis,Club America,Atletico San Luis,1.50,4.10,5.75,betano,h2h,oddsapiio,2026-08-10T12:02:54.704Z,2026-08-12T09:03:11Z,open,4,odds-api.io first-seen open price @ 2026-08-12T09:03:11.851493+00:00
oddsapiio:72055092,2026-08-16T23:00:00Z,CF America,Atletico San Luis,Club America,Atletico San Luis,1.53,4.40,6.20,duel,h2h,oddsapiio,2026-08-12T08:22:37.627Z,2026-08-12T09:03:11Z,open,4,odds-api.io first-seen open price @ 2026-08-12T09:03:11.851493+00:00
oddsapiio:72055094,2026-08-17T01:10:00Z,Club Santos Laguna,CD Guadalajara,Santos Laguna,Guadalajara,5.60,4.60,1.55,duel,h2h,oddsapiio,2026-08-12T07:54:29.495Z,2026-08-12T09:03:11Z,open,4,odds-api.io first-seen open price @ 2026-08-12T09:03:11.851493+00:00
oddsapiio:72055096,2026-08-17T03:00:00Z,Club Tijuana de Caliente,CF Cruz Azul,Tijuana,Cruz Azul,3.00,3.50,2.15,betano,h2h,oddsapiio,2026-08-10T19:38:34.147Z,2026-08-12T09:03:11Z,open,4,odds-api.io first-seen open price @ 2026-08-12T09:03:11.851493+00:00
oddsapiio:72055096,2026-08-17T03:00:00Z,Club Tijuana de Caliente,CF Cruz Azul,Tijuana,Cruz Azul,3.25,3.50,2.24,duel,h2h,oddsapiio,2026-08-12T07:54:29.495Z,2026-08-12T09:03:11Z,open,4,odds-api.io first-seen open price @ 2026-08-12T09:03:11.851493+00:00
oddsapiio:72055084,2026-08-15T23:00:00Z,Atlante FC,Deportivo Toluca FC,Atlante,Toluca,6.50,4.20,1.44,betano,h2h,oddsapiio,2026-08-10T19:38:34.147Z,2026-08-12T09:03:11Z,open,4,odds-api.io first-seen open price @ 2026-08-12T09:03:11.851493+00:00
oddsapiio:72055084,2026-08-15T23:00:00Z,Atlante FC,Deportivo Toluca FC,Atlante,Toluca,6.60,4.50,1.49,duel,h2h,oddsapiio,2026-08-12T07:54:29.495Z,2026-08-12T09:03:11Z,open,4,odds-api.io first-seen open price @ 2026-08-12T09:03:11.851493+00:00
oddsapiio:72055090,2026-08-16T18:00:00Z,Pumas UNAM,Queretaro FC,UNAM Pumas,Queretaro,1.80,3.70,3.90,betano,h2h,oddsapiio,2026-08-10T16:22:35.929Z,2026-08-12T09:03:11Z,open,4,odds-api.io first-seen open price @ 2026-08-12T09:03:11.851493+00:00
oddsapiio:72055090,2026-08-16T18:00:00Z,Pumas UNAM,Queretaro FC,UNAM Pumas,Queretaro,1.87,3.70,4.20,duel,h2h,oddsapiio,2026-08-12T07:54:29.495Z,2026-08-12T09:03:11Z,open,4,odds-api.io first-seen open price @ 2026-08-12T09:03:11.851493+00:00
oddsapiio:72055086,2026-08-16T01:10:00Z,CF Monterrey,FC Juarez,Monterrey,FC Juarez,1.55,4.60,5.60,duel,h2h,oddsapiio,2026-08-12T07:54:29.495Z,2026-08-12T09:03:11Z,open,4,odds-api.io first-seen open price @ 2026-08-12T09:03:11.851493+00:00
oddsapiio:72055098,2026-08-18T01:00:00Z,Club Necaxa,Club Leon,Necaxa,Leon,2.15,3.50,3.00,betano,h2h,oddsapiio,2026-08-13T14:24:58.952Z,2026-08-13T14:31:00Z,open,4,odds-api.io first-seen open price @ 2026-08-13T14:31:00.151925+00:00
oddsapiio:72055086,2026-08-16T01:10:00Z,CF Monterrey,FC Juarez,Monterrey,FC Juarez,1.50,4.20,5.50,betano,h2h,oddsapiio,2026-08-13T14:24:58.952Z,2026-08-13T14:31:00Z,open,4,odds-api.io first-seen open price @ 2026-08-13T14:31:00.151925+00:00
oddsapiio:72055094,2026-08-17T01:10:00Z,Club Santos Laguna,CD Guadalajara,Santos Laguna,Guadalajara,5.50,4.20,1.50,betano,h2h,oddsapiio,2026-08-13T14:24:58.952Z,2026-08-13T14:31:00Z,open,4,odds-api.io first-seen open price @ 2026-08-13T14:31:00.151925+00:00
oddsapiio:72055114,2026-08-22T01:00:00Z,Tigres UANL,Atlante FC,Tigres UANL,Atlante,1.40,5.00,7.80,duel,h2h,oddsapiio,2026-08-15T10:24:36.093Z,2026-08-15T10:31:14Z,open,5,odds-api.io first-seen open price @ 2026-08-15T10:31:14.445847+00:00
oddsapiio:72055106,2026-08-22T23:07:00Z,CD Guadalajara,Club Tijuana de Caliente,Guadalajara,Tijuana,1.54,4.50,6.00,duel,h2h,oddsapiio,2026-08-15T10:29:40.763Z,2026-08-15T10:31:14Z,open,5,odds-api.io first-seen open price @ 2026-08-15T10:31:14.445847+00:00
oddsapiio:72055108,2026-08-22T23:00:00Z,Queretaro FC,Deportivo Toluca FC,Queretaro,Toluca,3.60,3.80,2.00,duel,h2h,oddsapiio,2026-08-15T10:24:36.093Z,2026-08-15T10:31:14Z,open,5,odds-api.io first-seen open price @ 2026-08-15T10:31:14.445847+00:00
oddsapiio:72055104,2026-08-22T03:00:00Z,FC Juarez,CF America,FC Juarez,Club America,3.90,3.65,1.96,duel,h2h,oddsapiio,2026-08-15T10:21:34.089Z,2026-08-15T10:31:14Z,open,5,odds-api.io first-seen open price @ 2026-08-15T10:31:14.445847+00:00
oddsapiio:72055102,2026-08-23T01:00:00Z,Club Puebla,Club Santos Laguna,Puebla,Santos Laguna,2.52,3.65,2.70,duel,h2h,oddsapiio,2026-08-15T10:09:27.905Z,2026-08-15T10:31:14Z,open,5,odds-api.io first-seen open price @ 2026-08-15T10:31:14.445847+00:00
oddsapiio:72055112,2026-08-23T03:00:00Z,CF Cruz Azul,Atlas FC,Cruz Azul,Atlas,1.75,3.80,4.80,duel,h2h,oddsapiio,2026-08-15T10:10:28.456Z,2026-08-15T10:31:14Z,open,5,odds-api.io first-seen open price @ 2026-08-15T10:31:14.445847+00:00
oddsapiio:72055110,2026-08-23T01:00:00Z,Club Leon,CF Monterrey,Leon,Monterrey,2.96,3.65,2.32,duel,h2h,oddsapiio,2026-08-15T10:30:41.197Z,2026-08-15T11:16:04Z,open,5,odds-api.io first-seen open price @ 2026-08-15T11:16:04.715946+00:00
oddsapiio:72055116,2026-08-23T23:00:00Z,Atletico San Luis,CF Pachuca,Atletico San Luis,Pachuca,3.20,3.55,2.24,duel,h2h,oddsapiio,2026-08-15T10:39:46.641Z,2026-08-15T11:16:04Z,open,5,odds-api.io first-seen open price @ 2026-08-15T11:16:04.715946+00:00
oddsapiio:72055118,2026-08-24T01:00:00Z,Pumas UNAM,Club Necaxa,UNAM Pumas,Necaxa,1.86,3.85,4.10,duel,h2h,oddsapiio,2026-08-15T10:38:46.306Z,2026-08-15T11:16:04Z,open,5,odds-api.io first-seen open price @ 2026-08-15T11:16:04.715946+00:00
6019cf7d7736d90f1f034b0450d030da,2026-08-15T23:00:00Z,Atlante FC,Toluca,Atlante,Toluca,5.66,4.25,1.6,pinnacle,h2h,theoddsapi,2026-08-15T22:40:28Z,2026-08-15T22:40:38Z,close,4,pre-kickoff close tick @ 2026-08-15T22:40:38.613695+00:00
6019cf7d7736d90f1f034b0450d030da,2026-08-15T23:00:00Z,Atlante FC,Toluca,Atlante,Toluca,5.7,4.5,1.65,matchbook,h2h,theoddsapi,2026-08-15T22:40:29Z,2026-08-15T22:40:38Z,close,4,pre-kickoff close tick @ 2026-08-15T22:40:38.613695+00:00
6019cf7d7736d90f1f034b0450d030da,2026-08-15T23:00:00Z,Atlante FC,Toluca,Atlante,Toluca,5.5,4.4,1.65,betfair_ex_eu,h2h,theoddsapi,2026-08-15T22:40:07Z,2026-08-15T22:40:38Z,close,4,pre-kickoff close tick @ 2026-08-15T22:40:38.613695+00:00
6019cf7d7736d90f1f034b0450d030da,2026-08-15T23:00:00Z,Atlante FC,Toluca,Atlante,Toluca,5.66,4.25,1.6,pinnacle,h2h,theoddsapi,2026-08-15T22:45:56Z,2026-08-15T22:46:01Z,close,4,pre-kickoff close tick @ 2026-08-15T22:46:01.134502+00:00
6019cf7d7736d90f1f034b0450d030da,2026-08-15T23:00:00Z,Atlante FC,Toluca,Atlante,Toluca,5.7,4.4,1.66,matchbook,h2h,theoddsapi,2026-08-15T22:45:57Z,2026-08-15T22:46:01Z,close,4,pre-kickoff close tick @ 2026-08-15T22:46:01.134502+00:00
6019cf7d7736d90f1f034b0450d030da,2026-08-15T23:00:00Z,Atlante FC,Toluca,Atlante,Toluca,5.7,4.4,1.66,betfair_ex_eu,h2h,theoddsapi,2026-08-15T22:45:56Z,2026-08-15T22:46:01Z,close,4,pre-kickoff close tick @ 2026-08-15T22:46:01.134502+00:00
6019cf7d7736d90f1f034b0450d030da,2026-08-15T23:00:00Z,Atlante FC,Toluca,Atlante,Toluca,5.66,4.25,1.6,pinnacle,h2h,theoddsapi,2026-08-15T22:46:36Z,2026-08-15T22:46:56Z,close,4,pre-kickoff close tick @ 2026-08-15T22:46:56.773987+00:00
6019cf7d7736d90f1f034b0450d030da,2026-08-15T23:00:00Z,Atlante FC,Toluca,Atlante,Toluca,5.7,4.4,1.66,matchbook,h2h,theoddsapi,2026-08-15T22:46:37Z,2026-08-15T22:46:56Z,close,4,pre-kickoff close tick @ 2026-08-15T22:46:56.773987+00:00
6019cf7d7736d90f1f034b0450d030da,2026-08-15T23:00:00Z,Atlante FC,Toluca,Atlante,Toluca,5.7,4.4,1.66,betfair_ex_eu,h2h,theoddsapi,2026-08-15T22:46:37Z,2026-08-15T22:46:56Z,close,4,pre-kickoff close tick @ 2026-08-15T22:46:56.773987+00:00
6019cf7d7736d90f1f034b0450d030da,2026-08-15T23:00:00Z,Atlante FC,Toluca,Atlante,Toluca,5.46,4.17,1.63,pinnacle,h2h,theoddsapi,2026-08-15T22:50:23Z,2026-08-15T22:50:39Z,close,4,pre-kickoff close tick @ 2026-08-15T22:50:39.058390+00:00
6019cf7d7736d90f1f034b0450d030da,2026-08-15T23:00:00Z,Atlante FC,Toluca,Atlante,Toluca,5.7,4.3,1.66,matchbook,h2h,theoddsapi,2026-08-15T22:50:23Z,2026-08-15T22:50:39Z,close,4,pre-kickoff close tick @ 2026-08-15T22:50:39.058390+00:00
6019cf7d7736d90f1f034b0450d030da,2026-08-15T23:00:00Z,Atlante FC,Toluca,Atlante,Toluca,5.6,4.3,1.66,betfair_ex_eu,h2h,theoddsapi,2026-08-15T22:50:03Z,2026-08-15T22:50:39Z,close,4,pre-kickoff close tick @ 2026-08-15T22:50:39.058390+00:00
0f2dee69aa6fd0576b8a1cc49c985d88,2026-08-16T01:10:00Z,Monterrey,FC Juárez,Monterrey,FC Juarez,1.59,4.55,5.29,pinnacle,h2h,theoddsapi,2026-08-16T00:50:26Z,2026-08-16T00:50:42Z,close,4,pre-kickoff close tick @ 2026-08-16T00:50:42.507557+00:00
0f2dee69aa6fd0576b8a1cc49c985d88,2026-08-16T01:10:00Z,Monterrey,FC Juárez,Monterrey,FC Juarez,1.57,4.9,6.0,betfair_ex_eu,h2h,theoddsapi,2026-08-16T00:50:07Z,2026-08-16T00:50:42Z,close,4,pre-kickoff close tick @ 2026-08-16T00:50:42.507557+00:00
0f2dee69aa6fd0576b8a1cc49c985d88,2026-08-16T01:10:00Z,Monterrey,FC Juárez,Monterrey,FC Juarez,1.54,4.9,6.2,matchbook,h2h,theoddsapi,2026-08-16T00:50:26Z,2026-08-16T00:50:42Z,close,4,pre-kickoff close tick @ 2026-08-16T00:50:42.507557+00:00
0f2dee69aa6fd0576b8a1cc49c985d88,2026-08-16T01:10:00Z,Monterrey,FC Juárez,Monterrey,FC Juarez,1.51,4.82,6.0,pinnacle,h2h,theoddsapi,2026-08-16T00:55:29Z,2026-08-16T00:55:40Z,close,4,pre-kickoff close tick @ 2026-08-16T00:55:40.766090+00:00
0f2dee69aa6fd0576b8a1cc49c985d88,2026-08-16T01:10:00Z,Monterrey,FC Juárez,Monterrey,FC Juarez,1.55,4.9,6.2,betfair_ex_eu,h2h,theoddsapi,2026-08-16T00:55:29Z,2026-08-16T00:55:40Z,close,4,pre-kickoff close tick @ 2026-08-16T00:55:40.766090+00:00
0f2dee69aa6fd0576b8a1cc49c985d88,2026-08-16T01:10:00Z,Monterrey,FC Juárez,Monterrey,FC Juarez,1.55,4.9,6.2,matchbook,h2h,theoddsapi,2026-08-16T00:55:29Z,2026-08-16T00:55:40Z,close,4,pre-kickoff close tick @ 2026-08-16T00:55:40.766090+00:00
0f2dee69aa6fd0576b8a1cc49c985d88,2026-08-16T01:10:00Z,Monterrey,FC Juárez,Monterrey,FC Juarez,1.51,4.82,6.0,pinnacle,h2h,theoddsapi,2026-08-16T01:01:09Z,2026-08-16T01:01:23Z,close,4,pre-kickoff close tick @ 2026-08-16T01:01:23.721772+00:00
0f2dee69aa6fd0576b8a1cc49c985d88,2026-08-16T01:10:00Z,Monterrey,FC Juárez,Monterrey,FC Juarez,1.54,4.9,6.2,betfair_ex_eu,h2h,theoddsapi,2026-08-16T01:01:10Z,2026-08-16T01:01:23Z,close,4,pre-kickoff close tick @ 2026-08-16T01:01:23.721772+00:00
0f2dee69aa6fd0576b8a1cc49c985d88,2026-08-16T01:10:00Z,Monterrey,FC Juárez,Monterrey,FC Juarez,1.56,4.9,6.2,matchbook,h2h,theoddsapi,2026-08-16T01:01:09Z,2026-08-16T01:01:23Z,close,4,pre-kickoff close tick @ 2026-08-16T01:01:23.721772+00:00
a7be0ab225101d04e57623db1c008722,2026-08-16T03:10:00Z,Atlas,Tigres,Atlas,Tigres UANL,3.24,3.25,2.4,pinnacle,h2h,theoddsapi,2026-08-16T02:50:39Z,2026-08-16T02:50:41Z,close,4,pre-kickoff close tick @ 2026-08-16T02:50:41.266881+00:00
a7be0ab225101d04e57623db1c008722,2026-08-16T03:10:00Z,Atlas,Tigres,Atlas,Tigres UANL,3.4,3.3,2.42,betfair_ex_eu,h2h,theoddsapi,2026-08-16T02:50:20Z,2026-08-16T02:50:41Z,close,4,pre-kickoff close tick @ 2026-08-16T02:50:41.266881+00:00
a7be0ab225101d04e57623db1c008722,2026-08-16T03:10:00Z,Atlas,Tigres,Atlas,Tigres UANL,3.4,3.3,2.42,matchbook,h2h,theoddsapi,2026-08-16T02:50:37Z,2026-08-16T02:50:41Z,close,4,pre-kickoff close tick @ 2026-08-16T02:50:41.266881+00:00
a7be0ab225101d04e57623db1c008722,2026-08-16T03:10:00Z,Atlas,Tigres,Atlas,Tigres UANL,3.25,3.24,2.4,pinnacle,h2h,theoddsapi,2026-08-16T02:55:35Z,2026-08-16T02:55:39Z,close,4,pre-kickoff close tick @ 2026-08-16T02:55:39.779761+00:00
a7be0ab225101d04e57623db1c008722,2026-08-16T03:10:00Z,Atlas,Tigres,Atlas,Tigres UANL,3.4,3.3,2.42,betfair_ex_eu,h2h,theoddsapi,2026-08-16T02:55:34Z,2026-08-16T02:55:39Z,close,4,pre-kickoff close tick @ 2026-08-16T02:55:39.779761+00:00
a7be0ab225101d04e57623db1c008722,2026-08-16T03:10:00Z,Atlas,Tigres,Atlas,Tigres UANL,3.4,3.3,2.42,matchbook,h2h,theoddsapi,2026-08-16T02:55:33Z,2026-08-16T02:55:39Z,close,4,pre-kickoff close tick @ 2026-08-16T02:55:39.779761+00:00
a7be0ab225101d04e57623db1c008722,2026-08-16T03:10:00Z,Atlas,Tigres,Atlas,Tigres UANL,3.25,3.24,2.4,pinnacle,h2h,theoddsapi,2026-08-16T03:00:46Z,2026-08-16T03:01:24Z,close,4,pre-kickoff close tick @ 2026-08-16T03:01:24.897053+00:00
a7be0ab225101d04e57623db1c008722,2026-08-16T03:10:00Z,Atlas,Tigres,Atlas,Tigres UANL,3.4,3.3,2.44,betfair_ex_eu,h2h,theoddsapi,2026-08-16T03:01:08Z,2026-08-16T03:01:24Z,close,4,pre-kickoff close tick @ 2026-08-16T03:01:24.897053+00:00
a7be0ab225101d04e57623db1c008722,2026-08-16T03:10:00Z,Atlas,Tigres,Atlas,Tigres UANL,3.4,3.3,2.44,matchbook,h2h,theoddsapi,2026-08-16T03:01:08Z,2026-08-16T03:01:24Z,close,4,pre-kickoff close tick @ 2026-08-16T03:01:24.897053+00:00
6cd28b94358f76169506c1db9814beda,2026-08-16T18:00:00Z,Pumas,Querétaro,UNAM Pumas,Queretaro,1.91,3.58,4.33,pinnacle,h2h,theoddsapi,2026-08-16T17:40:36Z,2026-08-16T17:40:38Z,close,4,pre-kickoff close tick @ 2026-08-16T17:40:38.286162+00:00
6cd28b94358f76169506c1db9814beda,2026-08-16T18:00:00Z,Pumas,Querétaro,UNAM Pumas,Queretaro,1.98,3.8,4.2,betfair_ex_eu,h2h,theoddsapi,2026-08-16T17:40:37Z,2026-08-16T17:40:38Z,close,4,pre-kickoff close tick @ 2026-08-16T17:40:38.286162+00:00
6cd28b94358f76169506c1db9814beda,2026-08-16T18:00:00Z,Pumas,Querétaro,UNAM Pumas,Queretaro,1.99,3.8,4.2,matchbook,h2h,theoddsapi,2026-08-16T17:40:36Z,2026-08-16T17:40:38Z,close,4,pre-kickoff close tick @ 2026-08-16T17:40:38.286162+00:00
6cd28b94358f76169506c1db9814beda,2026-08-16T18:00:00Z,Pumas,Querétaro,UNAM Pumas,Queretaro,1.95,3.6,4.07,pinnacle,h2h,theoddsapi,2026-08-16T17:43:37Z,2026-08-16T17:43:39Z,close,4,pre-kickoff close tick @ 2026-08-16T17:43:39.269169+00:00
6cd28b94358f76169506c1db9814beda,2026-08-16T18:00:00Z,Pumas,Querétaro,UNAM Pumas,Queretaro,1.99,3.8,4.2,betfair_ex_eu,h2h,theoddsapi,2026-08-16T17:43:18Z,2026-08-16T17:43:39Z,close,4,pre-kickoff close tick @ 2026-08-16T17:43:39.269169+00:00
6cd28b94358f76169506c1db9814beda,2026-08-16T18:00:00Z,Pumas,Querétaro,UNAM Pumas,Queretaro,1.99,3.75,4.2,matchbook,h2h,theoddsapi,2026-08-16T17:43:38Z,2026-08-16T17:43:39Z,close,4,pre-kickoff close tick @ 2026-08-16T17:43:39.269169+00:00
6cd28b94358f76169506c1db9814beda,2026-08-16T18:00:00Z,Pumas,Querétaro,UNAM Pumas,Queretaro,1.95,3.6,4.07,pinnacle,h2h,theoddsapi,2026-08-16T17:45:55Z,2026-08-16T17:45:56Z,close,4,pre-kickoff close tick @ 2026-08-16T17:45:56.293911+00:00
6cd28b94358f76169506c1db9814beda,2026-08-16T18:00:00Z,Pumas,Querétaro,UNAM Pumas,Queretaro,1.99,3.8,4.1,betfair_ex_eu,h2h,theoddsapi,2026-08-16T17:45:36Z,2026-08-16T17:45:56Z,close,4,pre-kickoff close tick @ 2026-08-16T17:45:56.293911+00:00
6cd28b94358f76169506c1db9814beda,2026-08-16T18:00:00Z,Pumas,Querétaro,UNAM Pumas,Queretaro,1.99,3.8,4.2,matchbook,h2h,theoddsapi,2026-08-16T17:45:56Z,2026-08-16T17:45:56Z,close,4,pre-kickoff close tick @ 2026-08-16T17:45:56.293911+00:00
6cd28b94358f76169506c1db9814beda,2026-08-16T18:00:00Z,Pumas,Querétaro,UNAM Pumas,Queretaro,1.95,3.6,4.07,pinnacle,h2h,theoddsapi,2026-08-16T17:50:37Z,2026-08-16T17:50:40Z,close,4,pre-kickoff close tick @ 2026-08-16T17:50:40.611957+00:00
6cd28b94358f76169506c1db9814beda,2026-08-16T18:00:00Z,Pumas,Querétaro,UNAM Pumas,Queretaro,1.99,3.8,4.1,betfair_ex_eu,h2h,theoddsapi,2026-08-16T17:50:37Z,2026-08-16T17:50:40Z,close,4,pre-kickoff close tick @ 2026-08-16T17:50:40.611957+00:00
6cd28b94358f76169506c1db9814beda,2026-08-16T18:00:00Z,Pumas,Querétaro,UNAM Pumas,Queretaro,1.99,3.8,4.2,matchbook,h2h,theoddsapi,2026-08-16T17:50:37Z,2026-08-16T17:50:40Z,close,4,pre-kickoff close tick @ 2026-08-16T17:50:40.611957+00:00
f8a01df8259218cbc47a4410c265061d,2026-08-16T23:00:00Z,América,Atlético San Luis,Club America,Atletico San Luis,1.89,3.71,4.22,pinnacle,h2h,theoddsapi,2026-08-16T22:40:34Z,2026-08-16T22:40:41Z,close,4,pre-kickoff close tick @ 2026-08-16T22:40:41.074955+00:00
f8a01df8259218cbc47a4410c265061d,2026-08-16T23:00:00Z,América,Atlético San Luis,Club America,Atletico San Luis,1.96,3.7,4.4,betfair_ex_eu,h2h,theoddsapi,2026-08-16T22:40:14Z,2026-08-16T22:40:41Z,close,4,pre-kickoff close tick @ 2026-08-16T22:40:41.074955+00:00
f8a01df8259218cbc47a4410c265061d,2026-08-16T23:00:00Z,América,Atlético San Luis,Club America,Atletico San Luis,1.95,3.7,4.4,matchbook,h2h,theoddsapi,2026-08-16T22:40:33Z,2026-08-16T22:40:41Z,close,4,pre-kickoff close tick @ 2026-08-16T22:40:41.074955+00:00
f8a01df8259218cbc47a4410c265061d,2026-08-16T23:00:00Z,América,Atlético San Luis,Club America,Atletico San Luis,1.97,3.64,3.96,pinnacle,h2h,theoddsapi,2026-08-16T22:45:40Z,2026-08-16T22:45:56Z,close,4,pre-kickoff close tick @ 2026-08-16T22:45:56.966310+00:00
f8a01df8259218cbc47a4410c265061d,2026-08-16T23:00:00Z,América,Atlético San Luis,Club America,Atletico San Luis,1.97,3.7,4.3,betfair_ex_eu,h2h,theoddsapi,2026-08-16T22:45:21Z,2026-08-16T22:45:56Z,close,4,pre-kickoff close tick @ 2026-08-16T22:45:56.966310+00:00
f8a01df8259218cbc47a4410c265061d,2026-08-16T23:00:00Z,América,Atlético San Luis,Club America,Atletico San Luis,1.96,3.7,4.3,matchbook,h2h,theoddsapi,2026-08-16T22:45:40Z,2026-08-16T22:45:56Z,close,4,pre-kickoff close tick @ 2026-08-16T22:45:56.966310+00:00
f8a01df8259218cbc47a4410c265061d,2026-08-16T23:00:00Z,América,Atlético San Luis,Club America,Atletico San Luis,1.97,3.64,3.96,pinnacle,h2h,theoddsapi,2026-08-16T22:46:38Z,2026-08-16T22:46:49Z,close,4,pre-kickoff close tick @ 2026-08-16T22:46:49.018100+00:00
f8a01df8259218cbc47a4410c265061d,2026-08-16T23:00:00Z,América,Atlético San Luis,Club America,Atletico San Luis,1.98,3.65,4.3,betfair_ex_eu,h2h,theoddsapi,2026-08-16T22:46:37Z,2026-08-16T22:46:49Z,close,4,pre-kickoff close tick @ 2026-08-16T22:46:49.018100+00:00
f8a01df8259218cbc47a4410c265061d,2026-08-16T23:00:00Z,América,Atlético San Luis,Club America,Atletico San Luis,1.97,3.7,4.3,matchbook,h2h,theoddsapi,2026-08-16T22:46:37Z,2026-08-16T22:46:49Z,close,4,pre-kickoff close tick @ 2026-08-16T22:46:49.018100+00:00
f8a01df8259218cbc47a4410c265061d,2026-08-16T23:00:00Z,América,Atlético San Luis,Club America,Atletico San Luis,1.97,3.64,3.96,pinnacle,h2h,theoddsapi,2026-08-16T22:50:27Z,2026-08-16T22:50:41Z,close,4,pre-kickoff close tick @ 2026-08-16T22:50:41.536923+00:00
f8a01df8259218cbc47a4410c265061d,2026-08-16T23:00:00Z,América,Atlético San Luis,Club America,Atletico San Luis,1.98,3.65,4.3,betfair_ex_eu,h2h,theoddsapi,2026-08-16T22:50:30Z,2026-08-16T22:50:41Z,close,4,pre-kickoff close tick @ 2026-08-16T22:50:41.536923+00:00
f8a01df8259218cbc47a4410c265061d,2026-08-16T23:00:00Z,América,Atlético San Luis,Club America,Atletico San Luis,1.97,3.7,4.3,matchbook,h2h,theoddsapi,2026-08-16T22:50:28Z,2026-08-16T22:50:41Z,close,4,pre-kickoff close tick @ 2026-08-16T22:50:41.536923+00:00
291aa40dff62365f4529502d6d2d2e5f,2026-08-17T01:10:00Z,Santos Laguna,Guadalajara,Santos Laguna,Guadalajara,5.65,4.63,1.55,pinnacle,h2h,theoddsapi,2026-08-17T00:50:45Z,2026-08-17T00:50:48Z,close,4,pre-kickoff close tick @ 2026-08-17T00:50:48.885999+00:00
291aa40dff62365f4529502d6d2d2e5f,2026-08-17T01:10:00Z,Santos Laguna,Guadalajara,Santos Laguna,Guadalajara,5.6,4.7,1.61,betfair_ex_eu,h2h,theoddsapi,2026-08-17T00:50:27Z,2026-08-17T00:50:48Z,close,4,pre-kickoff close tick @ 2026-08-17T00:50:48.885999+00:00
291aa40dff62365f4529502d6d2d2e5f,2026-08-17T01:10:00Z,Santos Laguna,Guadalajara,Santos Laguna,Guadalajara,5.6,4.7,1.61,matchbook,h2h,theoddsapi,2026-08-17T00:50:46Z,2026-08-17T00:50:48Z,close,4,pre-kickoff close tick @ 2026-08-17T00:50:48.885999+00:00
291aa40dff62365f4529502d6d2d2e5f,2026-08-17T01:10:00Z,Santos Laguna,Guadalajara,Santos Laguna,Guadalajara,5.65,4.63,1.55,pinnacle,h2h,theoddsapi,2026-08-17T00:55:32Z,2026-08-17T00:55:41Z,close,4,pre-kickoff close tick @ 2026-08-17T00:55:41.232679+00:00
291aa40dff62365f4529502d6d2d2e5f,2026-08-17T01:10:00Z,Santos Laguna,Guadalajara,Santos Laguna,Guadalajara,5.6,4.7,1.6,betfair_ex_eu,h2h,theoddsapi,2026-08-17T00:55:35Z,2026-08-17T00:55:41Z,close,4,pre-kickoff close tick @ 2026-08-17T00:55:41.232679+00:00
291aa40dff62365f4529502d6d2d2e5f,2026-08-17T01:10:00Z,Santos Laguna,Guadalajara,Santos Laguna,Guadalajara,5.6,4.7,1.61,matchbook,h2h,theoddsapi,2026-08-17T00:55:33Z,2026-08-17T00:55:41Z,close,4,pre-kickoff close tick @ 2026-08-17T00:55:41.232679+00:00
291aa40dff62365f4529502d6d2d2e5f,2026-08-17T01:10:00Z,Santos Laguna,Guadalajara,Santos Laguna,Guadalajara,5.49,4.55,1.57,pinnacle,h2h,theoddsapi,2026-08-17T01:00:57Z,2026-08-17T01:00:59Z,close,4,pre-kickoff close tick @ 2026-08-17T01:00:59.258181+00:00
291aa40dff62365f4529502d6d2d2e5f,2026-08-17T01:10:00Z,Santos Laguna,Guadalajara,Santos Laguna,Guadalajara,5.6,4.8,1.6,betfair_ex_eu,h2h,theoddsapi,2026-08-17T01:00:39Z,2026-08-17T01:00:59Z,close,4,pre-kickoff close tick @ 2026-08-17T01:00:59.258181+00:00
291aa40dff62365f4529502d6d2d2e5f,2026-08-17T01:10:00Z,Santos Laguna,Guadalajara,Santos Laguna,Guadalajara,5.6,4.8,1.6,matchbook,h2h,theoddsapi,2026-08-17T01:00:58Z,2026-08-17T01:00:59Z,close,4,pre-kickoff close tick @ 2026-08-17T01:00:59.258181+00:00
5bf51beae4612a05a17b66c31ca1f409,2026-08-17T03:00:00Z,Tijuana,Cruz Azul,Tijuana,Cruz Azul,2.98,3.41,2.47,pinnacle,h2h,theoddsapi,2026-08-17T02:39:56Z,2026-08-17T02:40:04Z,close,4,pre-kickoff close tick @ 2026-08-17T02:40:04.695085+00:00
5bf51beae4612a05a17b66c31ca1f409,2026-08-17T03:00:00Z,Tijuana,Cruz Azul,Tijuana,Cruz Azul,3.05,3.5,2.54,betfair_ex_eu,h2h,theoddsapi,2026-08-17T02:39:56Z,2026-08-17T02:40:04Z,close,4,pre-kickoff close tick @ 2026-08-17T02:40:04.695085+00:00
5bf51beae4612a05a17b66c31ca1f409,2026-08-17T03:00:00Z,Tijuana,Cruz Azul,Tijuana,Cruz Azul,3.05,3.5,2.54,matchbook,h2h,theoddsapi,2026-08-17T02:39:58Z,2026-08-17T02:40:04Z,close,4,pre-kickoff close tick @ 2026-08-17T02:40:04.695085+00:00
5bf51beae4612a05a17b66c31ca1f409,2026-08-17T03:00:00Z,Tijuana,Cruz Azul,Tijuana,Cruz Azul,2.98,3.41,2.47,pinnacle,h2h,theoddsapi,2026-08-17T02:40:33Z,2026-08-17T02:40:42Z,close,4,pre-kickoff close tick @ 2026-08-17T02:40:42.325577+00:00
5bf51beae4612a05a17b66c31ca1f409,2026-08-17T03:00:00Z,Tijuana,Cruz Azul,Tijuana,Cruz Azul,3.05,3.5,2.54,betfair_ex_eu,h2h,theoddsapi,2026-08-17T02:40:34Z,2026-08-17T02:40:42Z,close,4,pre-kickoff close tick @ 2026-08-17T02:40:42.325577+00:00
5bf51beae4612a05a17b66c31ca1f409,2026-08-17T03:00:00Z,Tijuana,Cruz Azul,Tijuana,Cruz Azul,3.05,3.5,2.54,matchbook,h2h,theoddsapi,2026-08-17T02:40:37Z,2026-08-17T02:40:42Z,close,4,pre-kickoff close tick @ 2026-08-17T02:40:42.325577+00:00
5bf51beae4612a05a17b66c31ca1f409,2026-08-17T03:00:00Z,Tijuana,Cruz Azul,Tijuana,Cruz Azul,2.98,3.41,2.47,pinnacle,h2h,theoddsapi,2026-08-17T02:45:39Z,2026-08-17T02:45:57Z,close,4,pre-kickoff close tick @ 2026-08-17T02:45:57.341353+00:00
5bf51beae4612a05a17b66c31ca1f409,2026-08-17T03:00:00Z,Tijuana,Cruz Azul,Tijuana,Cruz Azul,3.0,3.5,2.56,betfair_ex_eu,h2h,theoddsapi,2026-08-17T02:45:39Z,2026-08-17T02:45:57Z,close,4,pre-kickoff close tick @ 2026-08-17T02:45:57.341353+00:00
5bf51beae4612a05a17b66c31ca1f409,2026-08-17T03:00:00Z,Tijuana,Cruz Azul,Tijuana,Cruz Azul,3.0,3.5,2.56,matchbook,h2h,theoddsapi,2026-08-17T02:45:39Z,2026-08-17T02:45:57Z,close,4,pre-kickoff close tick @ 2026-08-17T02:45:57.341353+00:00
5bf51beae4612a05a17b66c31ca1f409,2026-08-17T03:00:00Z,Tijuana,Cruz Azul,Tijuana,Cruz Azul,2.88,3.42,2.54,pinnacle,h2h,theoddsapi,2026-08-17T02:50:25Z,2026-08-17T02:50:39Z,close,4,pre-kickoff close tick @ 2026-08-17T02:50:39.802781+00:00
5bf51beae4612a05a17b66c31ca1f409,2026-08-17T03:00:00Z,Tijuana,Cruz Azul,Tijuana,Cruz Azul,3.0,3.5,2.56,betfair_ex_eu,h2h,theoddsapi,2026-08-17T02:50:05Z,2026-08-17T02:50:39Z,close,4,pre-kickoff close tick @ 2026-08-17T02:50:39.802781+00:00
5bf51beae4612a05a17b66c31ca1f409,2026-08-17T03:00:00Z,Tijuana,Cruz Azul,Tijuana,Cruz Azul,3.0,3.5,2.56,matchbook,h2h,theoddsapi,2026-08-17T02:50:23Z,2026-08-17T02:50:39Z,close,4,pre-kickoff close tick @ 2026-08-17T02:50:39.802781+00:00
33f8e1e092f62b4456967aa2c6fd5271,2026-08-18T01:00:00Z,Necaxa,León,Necaxa,Leon,2.85,3.52,2.51,pinnacle,h2h,theoddsapi,2026-08-18T00:40:58Z,2026-08-18T00:41:11Z,close,4,pre-kickoff close tick @ 2026-08-18T00:41:11.999836+00:00
33f8e1e092f62b4456967aa2c6fd5271,2026-08-18T01:00:00Z,Necaxa,León,Necaxa,Leon,2.88,3.6,2.62,betfair_ex_eu,h2h,theoddsapi,2026-08-18T00:41:00Z,2026-08-18T00:41:11Z,close,4,pre-kickoff close tick @ 2026-08-18T00:41:11.999836+00:00
33f8e1e092f62b4456967aa2c6fd5271,2026-08-18T01:00:00Z,Necaxa,León,Necaxa,Leon,2.88,3.6,2.6,matchbook,h2h,theoddsapi,2026-08-18T00:40:58Z,2026-08-18T00:41:11Z,close,4,pre-kickoff close tick @ 2026-08-18T00:41:11.999836+00:00
33f8e1e092f62b4456967aa2c6fd5271,2026-08-18T01:00:00Z,Necaxa,León,Necaxa,Leon,2.85,3.52,2.51,pinnacle,h2h,theoddsapi,2026-08-18T00:45:59Z,2026-08-18T00:46:06Z,close,4,pre-kickoff close tick @ 2026-08-18T00:46:06.617121+00:00
33f8e1e092f62b4456967aa2c6fd5271,2026-08-18T01:00:00Z,Necaxa,León,Necaxa,Leon,2.88,3.6,2.62,betfair_ex_eu,h2h,theoddsapi,2026-08-18T00:45:57Z,2026-08-18T00:46:06Z,close,4,pre-kickoff close tick @ 2026-08-18T00:46:06.617121+00:00
33f8e1e092f62b4456967aa2c6fd5271,2026-08-18T01:00:00Z,Necaxa,León,Necaxa,Leon,2.88,3.6,2.6,matchbook,h2h,theoddsapi,2026-08-18T00:45:59Z,2026-08-18T00:46:06Z,close,4,pre-kickoff close tick @ 2026-08-18T00:46:06.617121+00:00
33f8e1e092f62b4456967aa2c6fd5271,2026-08-18T01:00:00Z,Necaxa,León,Necaxa,Leon,2.85,3.52,2.51,pinnacle,h2h,theoddsapi,2026-08-18T00:50:59Z,2026-08-18T00:51:08Z,close,4,pre-kickoff close tick @ 2026-08-18T00:51:08.356901+00:00
33f8e1e092f62b4456967aa2c6fd5271,2026-08-18T01:00:00Z,Necaxa,León,Necaxa,Leon,2.88,3.6,2.62,betfair_ex_eu,h2h,theoddsapi,2026-08-18T00:51:00Z,2026-08-18T00:51:08Z,close,4,pre-kickoff close tick @ 2026-08-18T00:51:08.356901+00:00
33f8e1e092f62b4456967aa2c6fd5271,2026-08-18T01:00:00Z,Necaxa,León,Necaxa,Leon,2.88,3.6,2.64,matchbook,h2h,theoddsapi,2026-08-18T00:50:59Z,2026-08-18T00:51:08Z,close,4,pre-kickoff close tick @ 2026-08-18T00:51:08.356901+00:00
1fa4faa9a275055bafa251f91affc6ff,2026-08-18T03:00:00Z,Pachuca,Puebla,Pachuca,Puebla,1.6,4.13,5.9,pinnacle,h2h,theoddsapi,2026-08-18T02:40:56Z,2026-08-18T02:41:09Z,close,4,pre-kickoff close tick @ 2026-08-18T02:41:09.035908+00:00
1fa4faa9a275055bafa251f91affc6ff,2026-08-18T03:00:00Z,Pachuca,Puebla,Pachuca,Puebla,1.63,4.4,6.0,betfair_ex_eu,h2h,theoddsapi,2026-08-18T02:40:36Z,2026-08-18T02:41:09Z,close,4,pre-kickoff close tick @ 2026-08-18T02:41:09.035908+00:00
1fa4faa9a275055bafa251f91affc6ff,2026-08-18T03:00:00Z,Pachuca,Puebla,Pachuca,Puebla,1.64,4.3,6.0,matchbook,h2h,theoddsapi,2026-08-18T02:40:57Z,2026-08-18T02:41:09Z,close,4,pre-kickoff close tick @ 2026-08-18T02:41:09.035908+00:00
1fa4faa9a275055bafa251f91affc6ff,2026-08-18T03:00:00Z,Pachuca,Puebla,Pachuca,Puebla,1.6,4.13,5.9,pinnacle,h2h,theoddsapi,2026-08-18T02:46:09Z,2026-08-18T02:46:30Z,close,4,pre-kickoff close tick @ 2026-08-18T02:46:30.956539+00:00
1fa4faa9a275055bafa251f91affc6ff,2026-08-18T03:00:00Z,Pachuca,Puebla,Pachuca,Puebla,1.64,4.3,6.0,betfair_ex_eu,h2h,theoddsapi,2026-08-18T02:46:29Z,2026-08-18T02:46:30Z,close,4,pre-kickoff close tick @ 2026-08-18T02:46:30.956539+00:00
1fa4faa9a275055bafa251f91affc6ff,2026-08-18T03:00:00Z,Pachuca,Puebla,Pachuca,Puebla,1.64,4.3,6.0,matchbook,h2h,theoddsapi,2026-08-18T02:46:28Z,2026-08-18T02:46:30Z,close,4,pre-kickoff close tick @ 2026-08-18T02:46:30.956539+00:00
1fa4faa9a275055bafa251f91affc6ff,2026-08-18T03:00:00Z,Pachuca,Puebla,Pachuca,Puebla,1.6,4.13,5.9,pinnacle,h2h,theoddsapi,2026-08-18T02:51:08Z,2026-08-18T02:51:11Z,close,4,pre-kickoff close tick @ 2026-08-18T02:51:11.488228+00:00
1fa4faa9a275055bafa251f91affc6ff,2026-08-18T03:00:00Z,Pachuca,Puebla,Pachuca,Puebla,1.64,4.3,6.0,betfair_ex_eu,h2h,theoddsapi,2026-08-18T02:51:08Z,2026-08-18T02:51:11Z,close,4,pre-kickoff close tick @ 2026-08-18T02:51:11.488228+00:00
1fa4faa9a275055bafa251f91affc6ff,2026-08-18T03:00:00Z,Pachuca,Puebla,Pachuca,Puebla,1.64,4.3,6.0,matchbook,h2h,theoddsapi,2026-08-18T02:51:07Z,2026-08-18T02:51:11Z,close,4,pre-kickoff close tick @ 2026-08-18T02:51:11.488228+00:00
oddsapiio:72055120,2026-08-29T01:00:00Z,Atlante FC,Club Leon,Atlante,Leon,3.20,3.55,2.24,duel,h2h,oddsapiio,2026-08-20T00:59:48.014Z,2026-08-20T01:16:09Z,open,6,odds-api.io first-seen open price @ 2026-08-20T01:16:09.714286+00:00
oddsapiio:72055122,2026-08-29T01:00:00Z,Club Necaxa,CF Cruz Azul,Necaxa,Cruz Azul,3.80,3.85,1.93,duel,h2h,oddsapiio,2026-08-20T01:10:51.534Z,2026-08-20T02:01:06Z,open,6,odds-api.io first-seen open price @ 2026-08-20T02:01:06.601161+00:00
oddsapiio:72055124,2026-08-29T03:00:00Z,Club Tijuana de Caliente,Pumas UNAM,Tijuana,UNAM Pumas,2.30,3.65,3.00,duel,h2h,oddsapiio,2026-08-20T01:09:51.271Z,2026-08-20T02:01:06Z,open,6,odds-api.io first-seen open price @ 2026-08-20T02:01:06.601161+00:00
0eaa33c90cfb2ff355668e24dc60598f,2026-08-22T01:00:00Z,Tigres,Atlante FC,Tigres UANL,Atlante,1.57,4.56,5.5,pinnacle,h2h,theoddsapi,2026-08-22T00:40:15Z,2026-08-22T00:40:17Z,close,5,pre-kickoff close tick @ 2026-08-22T00:40:17.717913+00:00
0eaa33c90cfb2ff355668e24dc60598f,2026-08-22T01:00:00Z,Tigres,Atlante FC,Tigres UANL,Atlante,1.59,4.8,5.8,betfair_ex_eu,h2h,theoddsapi,2026-08-22T00:40:15Z,2026-08-22T00:40:17Z,close,5,pre-kickoff close tick @ 2026-08-22T00:40:17.717913+00:00
0eaa33c90cfb2ff355668e24dc60598f,2026-08-22T01:00:00Z,Tigres,Atlante FC,Tigres UANL,Atlante,1.59,4.8,5.7,matchbook,h2h,theoddsapi,2026-08-22T00:40:15Z,2026-08-22T00:40:17Z,close,5,pre-kickoff close tick @ 2026-08-22T00:40:17.717913+00:00
0eaa33c90cfb2ff355668e24dc60598f,2026-08-22T01:00:00Z,Tigres,Atlante FC,Tigres UANL,Atlante,1.58,4.53,5.41,pinnacle,h2h,theoddsapi,2026-08-22T00:45:12Z,2026-08-22T00:45:21Z,close,5,pre-kickoff close tick @ 2026-08-22T00:45:21.205507+00:00
0eaa33c90cfb2ff355668e24dc60598f,2026-08-22T01:00:00Z,Tigres,Atlante FC,Tigres UANL,Atlante,1.61,4.8,5.6,betfair_ex_eu,h2h,theoddsapi,2026-08-22T00:45:11Z,2026-08-22T00:45:21Z,close,5,pre-kickoff close tick @ 2026-08-22T00:45:21.205507+00:00
0eaa33c90cfb2ff355668e24dc60598f,2026-08-22T01:00:00Z,Tigres,Atlante FC,Tigres UANL,Atlante,1.61,4.7,5.6,matchbook,h2h,theoddsapi,2026-08-22T00:45:12Z,2026-08-22T00:45:21Z,close,5,pre-kickoff close tick @ 2026-08-22T00:45:21.205507+00:00
0eaa33c90cfb2ff355668e24dc60598f,2026-08-22T01:00:00Z,Tigres,Atlante FC,Tigres UANL,Atlante,1.58,4.53,5.41,pinnacle,h2h,theoddsapi,2026-08-22T00:50:10Z,2026-08-22T00:50:21Z,close,5,pre-kickoff close tick @ 2026-08-22T00:50:21.866523+00:00
0eaa33c90cfb2ff355668e24dc60598f,2026-08-22T01:00:00Z,Tigres,Atlante FC,Tigres UANL,Atlante,1.6,4.7,5.6,betfair_ex_eu,h2h,theoddsapi,2026-08-22T00:50:13Z,2026-08-22T00:50:21Z,close,5,pre-kickoff close tick @ 2026-08-22T00:50:21.866523+00:00
0eaa33c90cfb2ff355668e24dc60598f,2026-08-22T01:00:00Z,Tigres,Atlante FC,Tigres UANL,Atlante,1.6,4.7,5.7,matchbook,h2h,theoddsapi,2026-08-22T00:50:11Z,2026-08-22T00:50:21Z,close,5,pre-kickoff close tick @ 2026-08-22T00:50:21.866523+00:00
99345c32c38a16d79647802f30cf3328,2026-08-22T03:10:00Z,FC Juárez,América,FC Juarez,Club America,5.17,4.19,1.65,pinnacle,h2h,theoddsapi,2026-08-22T02:40:01Z,2026-08-22T02:40:20Z,close,5,pre-kickoff close tick @ 2026-08-22T02:40:20.933468+00:00
99345c32c38a16d79647802f30cf3328,2026-08-22T03:10:00Z,FC Juárez,América,FC Juarez,Club America,5.3,4.1,1.72,betfair_ex_eu,h2h,theoddsapi,2026-08-22T02:40:03Z,2026-08-22T02:40:20Z,close,5,pre-kickoff close tick @ 2026-08-22T02:40:20.933468+00:00
99345c32c38a16d79647802f30cf3328,2026-08-22T03:10:00Z,FC Juárez,América,FC Juarez,Club America,5.3,4.1,1.72,matchbook,h2h,theoddsapi,2026-08-22T02:40:02Z,2026-08-22T02:40:20Z,close,5,pre-kickoff close tick @ 2026-08-22T02:40:20.933468+00:00
99345c32c38a16d79647802f30cf3328,2026-08-22T03:10:00Z,FC Juárez,América,FC Juarez,Club America,4.98,4.13,1.68,pinnacle,h2h,theoddsapi,2026-08-22T02:45:38Z,2026-08-22T02:45:43Z,close,5,pre-kickoff close tick @ 2026-08-22T02:45:43.957765+00:00
99345c32c38a16d79647802f30cf3328,2026-08-22T03:10:00Z,FC Juárez,América,FC Juarez,Club America,5.4,4.2,1.71,betfair_ex_eu,h2h,theoddsapi,2026-08-22T02:45:40Z,2026-08-22T02:45:43Z,close,5,pre-kickoff close tick @ 2026-08-22T02:45:43.957765+00:00
99345c32c38a16d79647802f30cf3328,2026-08-22T03:10:00Z,FC Juárez,América,FC Juarez,Club America,5.4,4.2,1.7,matchbook,h2h,theoddsapi,2026-08-22T02:45:39Z,2026-08-22T02:45:43Z,close,5,pre-kickoff close tick @ 2026-08-22T02:45:43.957765+00:00
99345c32c38a16d79647802f30cf3328,2026-08-22T03:10:00Z,FC Juárez,América,FC Juarez,Club America,4.98,4.13,1.68,pinnacle,h2h,theoddsapi,2026-08-22T02:49:58Z,2026-08-22T02:50:21Z,close,5,pre-kickoff close tick @ 2026-08-22T02:50:21.012401+00:00
99345c32c38a16d79647802f30cf3328,2026-08-22T03:10:00Z,FC Juárez,América,FC Juarez,Club America,5.4,4.1,1.72,betfair_ex_eu,h2h,theoddsapi,2026-08-22T02:49:39Z,2026-08-22T02:50:21Z,close,5,pre-kickoff close tick @ 2026-08-22T02:50:21.012401+00:00
99345c32c38a16d79647802f30cf3328,2026-08-22T03:10:00Z,FC Juárez,América,FC Juarez,Club America,5.3,4.1,1.71,matchbook,h2h,theoddsapi,2026-08-22T02:49:59Z,2026-08-22T02:50:21Z,close,5,pre-kickoff close tick @ 2026-08-22T02:50:21.012401+00:00
99345c32c38a16d79647802f30cf3328,2026-08-22T03:10:00Z,FC Juárez,América,FC Juarez,Club America,4.98,4.13,1.68,pinnacle,h2h,theoddsapi,2026-08-22T02:55:12Z,2026-08-22T02:55:23Z,close,5,pre-kickoff close tick @ 2026-08-22T02:55:23.068339+00:00
99345c32c38a16d79647802f30cf3328,2026-08-22T03:10:00Z,FC Juárez,América,FC Juarez,Club America,5.2,4.1,1.73,betfair_ex_eu,h2h,theoddsapi,2026-08-22T02:55:13Z,2026-08-22T02:55:23Z,close,5,pre-kickoff close tick @ 2026-08-22T02:55:23.068339+00:00
99345c32c38a16d79647802f30cf3328,2026-08-22T03:10:00Z,FC Juárez,América,FC Juarez,Club America,5.3,4.2,1.72,matchbook,h2h,theoddsapi,2026-08-22T02:55:13Z,2026-08-22T02:55:23Z,close,5,pre-kickoff close tick @ 2026-08-22T02:55:23.068339+00:00
oddsapiio:72055126,2026-08-29T23:00:00Z,Atlas FC,Queretaro FC,Atlas,Queretaro,2.08,3.50,3.60,duel,h2h,oddsapiio,2026-08-22T12:26:49.283Z,2026-08-22T12:45:19Z,open,6,odds-api.io first-seen open price @ 2026-08-22T12:45:19.396559+00:00
oddsapiio:72055128,2026-08-29T23:00:00Z,CF Pachuca,CD Guadalajara,Pachuca,Guadalajara,2.76,3.50,2.56,duel,h2h,oddsapiio,2026-08-22T12:27:49.651Z,2026-08-22T12:45:19Z,open,6,odds-api.io first-seen open price @ 2026-08-22T12:45:19.396559+00:00
oddsapiio:72055132,2026-08-30T03:00:00Z,Club Santos Laguna,Tigres UANL,Santos Laguna,Tigres UANL,4.60,3.95,1.76,duel,h2h,oddsapiio,2026-08-22T12:32:51.754Z,2026-08-22T12:45:19Z,open,6,odds-api.io first-seen open price @ 2026-08-22T12:45:19.396559+00:00
oddsapiio:72055134,2026-08-31T00:00:00Z,Deportivo Toluca FC,FC Juarez,Toluca,FC Juarez,1.46,4.80,6.60,duel,h2h,oddsapiio,2026-08-22T12:32:51.754Z,2026-08-22T12:45:19Z,open,6,odds-api.io first-seen open price @ 2026-08-22T12:45:19.396559+00:00
oddsapiio:72055136,2026-08-31T02:00:00Z,CF Monterrey,Atletico San Luis,Monterrey,Atletico San Luis,1.77,3.95,4.40,duel,h2h,oddsapiio,2026-08-22T13:08:08.968Z,2026-08-22T13:45:35Z,open,6,odds-api.io first-seen open price @ 2026-08-22T13:45:35.980633+00:00
oddsapiio:72055130,2026-08-30T01:00:00Z,CF America,Club Puebla,Club America,Puebla,1.42,4.80,7.60,duel,h2h,oddsapiio,2026-08-22T14:29:38.914Z,2026-08-22T15:15:31Z,open,6,odds-api.io first-seen open price @ 2026-08-22T15:15:31.711192+00:00
f756688d76a912ef432b248f697008a8,2026-08-22T23:07:00Z,Guadalajara,Tijuana,Guadalajara,Tijuana,1.5,4.91,5.94,pinnacle,h2h,theoddsapi,2026-08-22T22:47:11Z,2026-08-22T22:47:24Z,close,5,pre-kickoff close tick @ 2026-08-22T22:47:24.578411+00:00
f756688d76a912ef432b248f697008a8,2026-08-22T23:07:00Z,Guadalajara,Tijuana,Guadalajara,Tijuana,1.51,5.2,6.6,betfair_ex_eu,h2h,theoddsapi,2026-08-22T22:47:10Z,2026-08-22T22:47:24Z,close,5,pre-kickoff close tick @ 2026-08-22T22:47:24.578411+00:00
f756688d76a912ef432b248f697008a8,2026-08-22T23:07:00Z,Guadalajara,Tijuana,Guadalajara,Tijuana,1.5,5.2,6.6,matchbook,h2h,theoddsapi,2026-08-22T22:47:10Z,2026-08-22T22:47:24Z,close,5,pre-kickoff close tick @ 2026-08-22T22:47:24.578411+00:00
f756688d76a912ef432b248f697008a8,2026-08-22T23:07:00Z,Guadalajara,Tijuana,Guadalajara,Tijuana,1.5,4.91,5.94,pinnacle,h2h,theoddsapi,2026-08-22T22:50:26Z,2026-08-22T22:50:32Z,close,5,pre-kickoff close tick @ 2026-08-22T22:50:32.105720+00:00
f756688d76a912ef432b248f697008a8,2026-08-22T23:07:00Z,Guadalajara,Tijuana,Guadalajara,Tijuana,1.5,5.2,6.6,betfair_ex_eu,h2h,theoddsapi,2026-08-22T22:50:27Z,2026-08-22T22:50:32Z,close,5,pre-kickoff close tick @ 2026-08-22T22:50:32.105720+00:00
f756688d76a912ef432b248f697008a8,2026-08-22T23:07:00Z,Guadalajara,Tijuana,Guadalajara,Tijuana,1.5,5.2,6.6,matchbook,h2h,theoddsapi,2026-08-22T22:50:27Z,2026-08-22T22:50:32Z,close,5,pre-kickoff close tick @ 2026-08-22T22:50:32.105720+00:00
f756688d76a912ef432b248f697008a8,2026-08-22T23:07:00Z,Guadalajara,Tijuana,Guadalajara,Tijuana,1.49,4.95,6.1,pinnacle,h2h,theoddsapi,2026-08-22T22:55:17Z,2026-08-22T22:55:31Z,close,5,pre-kickoff close tick @ 2026-08-22T22:55:31.858000+00:00
f756688d76a912ef432b248f697008a8,2026-08-22T23:07:00Z,Guadalajara,Tijuana,Guadalajara,Tijuana,1.49,5.2,6.6,betfair_ex_eu,h2h,theoddsapi,2026-08-22T22:55:16Z,2026-08-22T22:55:31Z,close,5,pre-kickoff close tick @ 2026-08-22T22:55:31.858000+00:00
f756688d76a912ef432b248f697008a8,2026-08-22T23:07:00Z,Guadalajara,Tijuana,Guadalajara,Tijuana,1.48,5.3,6.8,matchbook,h2h,theoddsapi,2026-08-22T22:55:16Z,2026-08-22T22:55:31Z,close,5,pre-kickoff close tick @ 2026-08-22T22:55:31.858000+00:00
f756688d76a912ef432b248f697008a8,2026-08-22T23:07:00Z,Guadalajara,Tijuana,Guadalajara,Tijuana,1.49,4.95,6.1,pinnacle,h2h,theoddsapi,2026-08-22T23:00:11Z,2026-08-22T23:00:31Z,close,5,pre-kickoff close tick @ 2026-08-22T23:00:31.873208+00:00
f756688d76a912ef432b248f697008a8,2026-08-22T23:07:00Z,Guadalajara,Tijuana,Guadalajara,Tijuana,1.48,5.3,6.8,betfair_ex_eu,h2h,theoddsapi,2026-08-22T22:59:49Z,2026-08-22T23:00:31Z,close,5,pre-kickoff close tick @ 2026-08-22T23:00:31.873208+00:00
f756688d76a912ef432b248f697008a8,2026-08-22T23:07:00Z,Guadalajara,Tijuana,Guadalajara,Tijuana,1.49,5.3,7.0,matchbook,h2h,theoddsapi,2026-08-22T23:00:10Z,2026-08-22T23:00:31Z,close,5,pre-kickoff close tick @ 2026-08-22T23:00:31.873208+00:00
66753f8ca28f2941bcc8945e58e3c87e,2026-08-23T01:00:00Z,Puebla,Santos Laguna,Puebla,Santos Laguna,2.18,3.8,3.45,betfair_ex_eu,h2h,theoddsapi,2026-08-23T00:40:26Z,2026-08-23T00:40:31Z,close,5,pre-kickoff close tick @ 2026-08-23T00:40:31.688907+00:00
66753f8ca28f2941bcc8945e58e3c87e,2026-08-23T01:00:00Z,Puebla,Santos Laguna,Puebla,Santos Laguna,2.11,3.74,3.42,pinnacle,h2h,theoddsapi,2026-08-23T00:40:27Z,2026-08-23T00:40:31Z,close,5,pre-kickoff close tick @ 2026-08-23T00:40:31.688907+00:00
66753f8ca28f2941bcc8945e58e3c87e,2026-08-23T01:00:00Z,Puebla,Santos Laguna,Puebla,Santos Laguna,2.18,3.8,3.45,matchbook,h2h,theoddsapi,2026-08-23T00:40:26Z,2026-08-23T00:40:31Z,close,5,pre-kickoff close tick @ 2026-08-23T00:40:31.688907+00:00
66753f8ca28f2941bcc8945e58e3c87e,2026-08-23T01:00:00Z,Puebla,Santos Laguna,Puebla,Santos Laguna,2.18,3.8,3.4,betfair_ex_eu,h2h,theoddsapi,2026-08-23T00:45:32Z,2026-08-23T00:45:56Z,close,5,pre-kickoff close tick @ 2026-08-23T00:45:56.021719+00:00
66753f8ca28f2941bcc8945e58e3c87e,2026-08-23T01:00:00Z,Puebla,Santos Laguna,Puebla,Santos Laguna,2.11,3.74,3.42,pinnacle,h2h,theoddsapi,2026-08-23T00:45:52Z,2026-08-23T00:45:56Z,close,5,pre-kickoff close tick @ 2026-08-23T00:45:56.021719+00:00
66753f8ca28f2941bcc8945e58e3c87e,2026-08-23T01:00:00Z,Puebla,Santos Laguna,Puebla,Santos Laguna,2.18,3.8,3.4,matchbook,h2h,theoddsapi,2026-08-23T00:45:52Z,2026-08-23T00:45:56Z,close,5,pre-kickoff close tick @ 2026-08-23T00:45:56.021719+00:00
66753f8ca28f2941bcc8945e58e3c87e,2026-08-23T01:00:00Z,Puebla,Santos Laguna,Puebla,Santos Laguna,2.18,3.8,3.4,betfair_ex_eu,h2h,theoddsapi,2026-08-23T00:49:54Z,2026-08-23T00:50:32Z,close,5,pre-kickoff close tick @ 2026-08-23T00:50:32.889438+00:00
66753f8ca28f2941bcc8945e58e3c87e,2026-08-23T01:00:00Z,Puebla,Santos Laguna,Puebla,Santos Laguna,2.11,3.74,3.42,pinnacle,h2h,theoddsapi,2026-08-23T00:50:13Z,2026-08-23T00:50:32Z,close,5,pre-kickoff close tick @ 2026-08-23T00:50:32.889438+00:00
66753f8ca28f2941bcc8945e58e3c87e,2026-08-23T01:00:00Z,Puebla,Santos Laguna,Puebla,Santos Laguna,2.18,3.8,3.45,matchbook,h2h,theoddsapi,2026-08-23T00:50:13Z,2026-08-23T00:50:32Z,close,5,pre-kickoff close tick @ 2026-08-23T00:50:32.889438+00:00
08207d358ea47de89653ebc1f9250230,2026-08-23T03:00:00Z,Cruz Azul,Atlas,Cruz Azul,Atlas,1.62,4.18,5.54,pinnacle,h2h,theoddsapi,2026-08-23T02:40:23Z,2026-08-23T02:40:33Z,close,5,pre-kickoff close tick @ 2026-08-23T02:40:33.277353+00:00
08207d358ea47de89653ebc1f9250230,2026-08-23T03:00:00Z,Cruz Azul,Atlas,Cruz Azul,Atlas,1.64,4.3,5.8,betfair_ex_eu,h2h,theoddsapi,2026-08-23T02:40:03Z,2026-08-23T02:40:33Z,close,5,pre-kickoff close tick @ 2026-08-23T02:40:33.277353+00:00
08207d358ea47de89653ebc1f9250230,2026-08-23T03:00:00Z,Cruz Azul,Atlas,Cruz Azul,Atlas,1.66,4.3,5.8,matchbook,h2h,theoddsapi,2026-08-23T02:40:22Z,2026-08-23T02:40:33Z,close,5,pre-kickoff close tick @ 2026-08-23T02:40:33.277353+00:00
08207d358ea47de89653ebc1f9250230,2026-08-23T03:00:00Z,Cruz Azul,Atlas,Cruz Azul,Atlas,1.62,4.18,5.54,pinnacle,h2h,theoddsapi,2026-08-23T02:43:35Z,2026-08-23T02:43:41Z,close,5,pre-kickoff close tick @ 2026-08-23T02:43:41.632676+00:00
08207d358ea47de89653ebc1f9250230,2026-08-23T03:00:00Z,Cruz Azul,Atlas,Cruz Azul,Atlas,1.64,4.3,5.8,betfair_ex_eu,h2h,theoddsapi,2026-08-23T02:43:16Z,2026-08-23T02:43:41Z,close,5,pre-kickoff close tick @ 2026-08-23T02:43:41.632676+00:00
08207d358ea47de89653ebc1f9250230,2026-08-23T03:00:00Z,Cruz Azul,Atlas,Cruz Azul,Atlas,1.66,4.3,5.9,matchbook,h2h,theoddsapi,2026-08-23T02:43:34Z,2026-08-23T02:43:41Z,close,5,pre-kickoff close tick @ 2026-08-23T02:43:41.632676+00:00
08207d358ea47de89653ebc1f9250230,2026-08-23T03:00:00Z,Cruz Azul,Atlas,Cruz Azul,Atlas,1.62,4.18,5.54,pinnacle,h2h,theoddsapi,2026-08-23T02:45:31Z,2026-08-23T02:45:49Z,close,5,pre-kickoff close tick @ 2026-08-23T02:45:49.767514+00:00
08207d358ea47de89653ebc1f9250230,2026-08-23T03:00:00Z,Cruz Azul,Atlas,Cruz Azul,Atlas,1.64,4.3,5.9,betfair_ex_eu,h2h,theoddsapi,2026-08-23T02:45:12Z,2026-08-23T02:45:49Z,close,5,pre-kickoff close tick @ 2026-08-23T02:45:49.767514+00:00
08207d358ea47de89653ebc1f9250230,2026-08-23T03:00:00Z,Cruz Azul,Atlas,Cruz Azul,Atlas,1.66,4.3,5.9,matchbook,h2h,theoddsapi,2026-08-23T02:45:31Z,2026-08-23T02:45:49Z,close,5,pre-kickoff close tick @ 2026-08-23T02:45:49.767514+00:00
08207d358ea47de89653ebc1f9250230,2026-08-23T03:00:00Z,Cruz Azul,Atlas,Cruz Azul,Atlas,1.62,4.18,5.54,pinnacle,h2h,theoddsapi,2026-08-23T02:50:21Z,2026-08-23T02:50:32Z,close,5,pre-kickoff close tick @ 2026-08-23T02:50:32.917829+00:00
08207d358ea47de89653ebc1f9250230,2026-08-23T03:00:00Z,Cruz Azul,Atlas,Cruz Azul,Atlas,1.64,4.3,5.9,betfair_ex_eu,h2h,theoddsapi,2026-08-23T02:50:22Z,2026-08-23T02:50:32Z,close,5,pre-kickoff close tick @ 2026-08-23T02:50:32.917829+00:00
08207d358ea47de89653ebc1f9250230,2026-08-23T03:00:00Z,Cruz Azul,Atlas,Cruz Azul,Atlas,1.66,4.3,5.8,matchbook,h2h,theoddsapi,2026-08-23T02:50:21Z,2026-08-23T02:50:32Z,close,5,pre-kickoff close tick @ 2026-08-23T02:50:32.917829+00:00
7f1873d33f4c97abfa2c141202dc225f,2026-08-23T23:00:00Z,Atlético San Luis,Pachuca,Atletico San Luis,Pachuca,3.3,3.62,2.2,pinnacle,h2h,theoddsapi,2026-08-23T22:40:19Z,2026-08-23T22:40:31Z,close,5,pre-kickoff close tick @ 2026-08-23T22:40:31.853850+00:00
7f1873d33f4c97abfa2c141202dc225f,2026-08-23T23:00:00Z,Atlético San Luis,Pachuca,Atletico San Luis,Pachuca,3.35,3.65,2.26,betfair_ex_eu,h2h,theoddsapi,2026-08-23T22:40:18Z,2026-08-23T22:40:31Z,close,5,pre-kickoff close tick @ 2026-08-23T22:40:31.853850+00:00
7f1873d33f4c97abfa2c141202dc225f,2026-08-23T23:00:00Z,Atlético San Luis,Pachuca,Atletico San Luis,Pachuca,3.35,3.65,2.28,matchbook,h2h,theoddsapi,2026-08-23T22:40:18Z,2026-08-23T22:40:31Z,close,5,pre-kickoff close tick @ 2026-08-23T22:40:31.853850+00:00
7f1873d33f4c97abfa2c141202dc225f,2026-08-23T23:00:00Z,Atlético San Luis,Pachuca,Atletico San Luis,Pachuca,3.3,3.62,2.2,pinnacle,h2h,theoddsapi,2026-08-23T22:45:17Z,2026-08-23T22:45:33Z,close,5,pre-kickoff close tick @ 2026-08-23T22:45:33.064778+00:00
7f1873d33f4c97abfa2c141202dc225f,2026-08-23T23:00:00Z,Atlético San Luis,Pachuca,Atletico San Luis,Pachuca,3.35,3.65,2.26,betfair_ex_eu,h2h,theoddsapi,2026-08-23T22:45:18Z,2026-08-23T22:45:33Z,close,5,pre-kickoff close tick @ 2026-08-23T22:45:33.064778+00:00
7f1873d33f4c97abfa2c141202dc225f,2026-08-23T23:00:00Z,Atlético San Luis,Pachuca,Atletico San Luis,Pachuca,3.35,3.65,2.28,matchbook,h2h,theoddsapi,2026-08-23T22:45:17Z,2026-08-23T22:45:33Z,close,5,pre-kickoff close tick @ 2026-08-23T22:45:33.064778+00:00
7f1873d33f4c97abfa2c141202dc225f,2026-08-23T23:00:00Z,Atlético San Luis,Pachuca,Atletico San Luis,Pachuca,3.31,3.59,2.21,pinnacle,h2h,theoddsapi,2026-08-23T22:47:19Z,2026-08-23T22:47:19Z,close,5,pre-kickoff close tick @ 2026-08-23T22:47:19.160204+00:00
7f1873d33f4c97abfa2c141202dc225f,2026-08-23T23:00:00Z,Atlético San Luis,Pachuca,Atletico San Luis,Pachuca,3.4,3.6,2.28,betfair_ex_eu,h2h,theoddsapi,2026-08-23T22:47:18Z,2026-08-23T22:47:19Z,close,5,pre-kickoff close tick @ 2026-08-23T22:47:19.160204+00:00
7f1873d33f4c97abfa2c141202dc225f,2026-08-23T23:00:00Z,Atlético San Luis,Pachuca,Atletico San Luis,Pachuca,3.4,3.65,2.28,matchbook,h2h,theoddsapi,2026-08-23T22:47:17Z,2026-08-23T22:47:19Z,close,5,pre-kickoff close tick @ 2026-08-23T22:47:19.160204+00:00
7f1873d33f4c97abfa2c141202dc225f,2026-08-23T23:00:00Z,Atlético San Luis,Pachuca,Atletico San Luis,Pachuca,3.31,3.59,2.21,pinnacle,h2h,theoddsapi,2026-08-23T22:50:06Z,2026-08-23T22:50:32Z,close,5,pre-kickoff close tick @ 2026-08-23T22:50:32.155060+00:00
7f1873d33f4c97abfa2c141202dc225f,2026-08-23T23:00:00Z,Atlético San Luis,Pachuca,Atletico San Luis,Pachuca,3.4,3.6,2.26,betfair_ex_eu,h2h,theoddsapi,2026-08-23T22:50:06Z,2026-08-23T22:50:32Z,close,5,pre-kickoff close tick @ 2026-08-23T22:50:32.155060+00:00
7f1873d33f4c97abfa2c141202dc225f,2026-08-23T23:00:00Z,Atlético San Luis,Pachuca,Atletico San Luis,Pachuca,3.4,3.6,2.3,matchbook,h2h,theoddsapi,2026-08-23T22:50:07Z,2026-08-23T22:50:32Z,close,5,pre-kickoff close tick @ 2026-08-23T22:50:32.155060+00:00
ea99934e318b2a1a4e57993d0edd5b84,2026-08-24T01:00:00Z,Pumas,Necaxa,UNAM Pumas,Necaxa,1.93,3.81,3.95,pinnacle,h2h,theoddsapi,2026-08-24T00:40:31Z,2026-08-24T00:40:34Z,close,5,pre-kickoff close tick @ 2026-08-24T00:40:34.197569+00:00
ea99934e318b2a1a4e57993d0edd5b84,2026-08-24T01:00:00Z,Pumas,Necaxa,UNAM Pumas,Necaxa,1.98,3.9,4.0,betfair_ex_eu,h2h,theoddsapi,2026-08-24T00:40:11Z,2026-08-24T00:40:34Z,close,5,pre-kickoff close tick @ 2026-08-24T00:40:34.197569+00:00
ea99934e318b2a1a4e57993d0edd5b84,2026-08-24T01:00:00Z,Pumas,Necaxa,UNAM Pumas,Necaxa,1.98,3.85,4.0,matchbook,h2h,theoddsapi,2026-08-24T00:40:31Z,2026-08-24T00:40:34Z,close,5,pre-kickoff close tick @ 2026-08-24T00:40:34.197569+00:00
ea99934e318b2a1a4e57993d0edd5b84,2026-08-24T01:00:00Z,Pumas,Necaxa,UNAM Pumas,Necaxa,1.93,3.81,3.95,pinnacle,h2h,theoddsapi,2026-08-24T00:45:37Z,2026-08-24T00:45:52Z,close,5,pre-kickoff close tick @ 2026-08-24T00:45:52.961181+00:00
ea99934e318b2a1a4e57993d0edd5b84,2026-08-24T01:00:00Z,Pumas,Necaxa,UNAM Pumas,Necaxa,1.98,3.9,4.0,betfair_ex_eu,h2h,theoddsapi,2026-08-24T00:45:38Z,2026-08-24T00:45:52Z,close,5,pre-kickoff close tick @ 2026-08-24T00:45:52.961181+00:00
ea99934e318b2a1a4e57993d0edd5b84,2026-08-24T01:00:00Z,Pumas,Necaxa,UNAM Pumas,Necaxa,1.98,3.9,4.0,matchbook,h2h,theoddsapi,2026-08-24T00:45:37Z,2026-08-24T00:45:52Z,close,5,pre-kickoff close tick @ 2026-08-24T00:45:52.961181+00:00
ea99934e318b2a1a4e57993d0edd5b84,2026-08-24T01:00:00Z,Pumas,Necaxa,UNAM Pumas,Necaxa,1.93,3.79,3.94,pinnacle,h2h,theoddsapi,2026-08-24T00:50:13Z,2026-08-24T00:50:34Z,close,5,pre-kickoff close tick @ 2026-08-24T00:50:34.376595+00:00
ea99934e318b2a1a4e57993d0edd5b84,2026-08-24T01:00:00Z,Pumas,Necaxa,UNAM Pumas,Necaxa,1.97,3.9,4.0,betfair_ex_eu,h2h,theoddsapi,2026-08-24T00:50:14Z,2026-08-24T00:50:34Z,close,5,pre-kickoff close tick @ 2026-08-24T00:50:34.376595+00:00
ea99934e318b2a1a4e57993d0edd5b84,2026-08-24T01:00:00Z,Pumas,Necaxa,UNAM Pumas,Necaxa,1.98,3.9,4.0,matchbook,h2h,theoddsapi,2026-08-24T00:50:14Z,2026-08-24T00:50:34Z,close,5,pre-kickoff close tick @ 2026-08-24T00:50:34.376595+00:00
09c4e2000b218cd2479bdc4d837929d4,2026-08-29T01:00:00Z,Atlante FC,León,Atlante,Leon,2.7,3.8,2.66,betfair_ex_eu,h2h,theoddsapi,2026-08-29T00:40:53Z,2026-08-29T00:41:08Z,close,6,pre-kickoff close tick @ 2026-08-29T00:41:08.603306+00:00
09c4e2000b218cd2479bdc4d837929d4,2026-08-29T01:00:00Z,Atlante FC,León,Atlante,Leon,2.57,3.8,2.63,pinnacle,h2h,theoddsapi,2026-08-29T00:40:52Z,2026-08-29T00:41:08Z,close,6,pre-kickoff close tick @ 2026-08-29T00:41:08.603306+00:00
09c4e2000b218cd2479bdc4d837929d4,2026-08-29T01:00:00Z,Atlante FC,León,Atlante,Leon,2.7,3.8,2.66,matchbook,h2h,theoddsapi,2026-08-29T00:40:52Z,2026-08-29T00:41:08Z,close,6,pre-kickoff close tick @ 2026-08-29T00:41:08.603306+00:00
a554260532c7451c5b95ec9359919719,2026-08-29T01:00:00Z,Necaxa,Cruz Azul,Necaxa,Cruz Azul,3.7,3.85,2.08,betfair_ex_eu,h2h,theoddsapi,2026-08-29T00:40:53Z,2026-08-29T00:41:08Z,close,6,pre-kickoff close tick @ 2026-08-29T00:41:08.603306+00:00
a554260532c7451c5b95ec9359919719,2026-08-29T01:00:00Z,Necaxa,Cruz Azul,Necaxa,Cruz Azul,3.69,3.72,2.02,pinnacle,h2h,theoddsapi,2026-08-29T00:40:52Z,2026-08-29T00:41:08Z,close,6,pre-kickoff close tick @ 2026-08-29T00:41:08.603306+00:00
a554260532c7451c5b95ec9359919719,2026-08-29T01:00:00Z,Necaxa,Cruz Azul,Necaxa,Cruz Azul,3.75,3.85,2.06,matchbook,h2h,theoddsapi,2026-08-29T00:40:52Z,2026-08-29T00:41:08Z,close,6,pre-kickoff close tick @ 2026-08-29T00:41:08.603306+00:00
09c4e2000b218cd2479bdc4d837929d4,2026-08-29T01:00:00Z,Atlante FC,León,Atlante,Leon,2.72,3.8,2.64,betfair_ex_eu,h2h,theoddsapi,2026-08-29T00:46:05Z,2026-08-29T00:46:10Z,close,6,pre-kickoff close tick @ 2026-08-29T00:46:10.973184+00:00
09c4e2000b218cd2479bdc4d837929d4,2026-08-29T01:00:00Z,Atlante FC,León,Atlante,Leon,2.63,3.84,2.54,pinnacle,h2h,theoddsapi,2026-08-29T00:45:39Z,2026-08-29T00:46:10Z,close,6,pre-kickoff close tick @ 2026-08-29T00:46:10.973184+00:00
09c4e2000b218cd2479bdc4d837929d4,2026-08-29T01:00:00Z,Atlante FC,León,Atlante,Leon,2.72,3.8,2.66,matchbook,h2h,theoddsapi,2026-08-29T00:46:05Z,2026-08-29T00:46:10Z,close,6,pre-kickoff close tick @ 2026-08-29T00:46:10.973184+00:00
a554260532c7451c5b95ec9359919719,2026-08-29T01:00:00Z,Necaxa,Cruz Azul,Necaxa,Cruz Azul,3.7,3.85,2.08,betfair_ex_eu,h2h,theoddsapi,2026-08-29T00:46:05Z,2026-08-29T00:46:10Z,close,6,pre-kickoff close tick @ 2026-08-29T00:46:10.973184+00:00
a554260532c7451c5b95ec9359919719,2026-08-29T01:00:00Z,Necaxa,Cruz Azul,Necaxa,Cruz Azul,3.63,3.8,2.02,pinnacle,h2h,theoddsapi,2026-08-29T00:45:39Z,2026-08-29T00:46:10Z,close,6,pre-kickoff close tick @ 2026-08-29T00:46:10.973184+00:00
a554260532c7451c5b95ec9359919719,2026-08-29T01:00:00Z,Necaxa,Cruz Azul,Necaxa,Cruz Azul,3.75,3.85,2.08,matchbook,h2h,theoddsapi,2026-08-29T00:46:05Z,2026-08-29T00:46:10Z,close,6,pre-kickoff close tick @ 2026-08-29T00:46:10.973184+00:00
09c4e2000b218cd2479bdc4d837929d4,2026-08-29T01:00:00Z,Atlante FC,León,Atlante,Leon,2.72,3.8,2.64,betfair_ex_eu,h2h,theoddsapi,2026-08-29T00:51:02Z,2026-08-29T00:51:09Z,close,6,pre-kickoff close tick @ 2026-08-29T00:51:09.054081+00:00
09c4e2000b218cd2479bdc4d837929d4,2026-08-29T01:00:00Z,Atlante FC,León,Atlante,Leon,2.63,3.84,2.54,pinnacle,h2h,theoddsapi,2026-08-29T00:51:00Z,2026-08-29T00:51:09Z,close,6,pre-kickoff close tick @ 2026-08-29T00:51:09.054081+00:00
09c4e2000b218cd2479bdc4d837929d4,2026-08-29T01:00:00Z,Atlante FC,León,Atlante,Leon,2.72,3.75,2.68,matchbook,h2h,theoddsapi,2026-08-29T00:51:01Z,2026-08-29T00:51:09Z,close,6,pre-kickoff close tick @ 2026-08-29T00:51:09.054081+00:00
a554260532c7451c5b95ec9359919719,2026-08-29T01:00:00Z,Necaxa,Cruz Azul,Necaxa,Cruz Azul,3.7,3.85,2.08,betfair_ex_eu,h2h,theoddsapi,2026-08-29T00:51:02Z,2026-08-29T00:51:09Z,close,6,pre-kickoff close tick @ 2026-08-29T00:51:09.054081+00:00
a554260532c7451c5b95ec9359919719,2026-08-29T01:00:00Z,Necaxa,Cruz Azul,Necaxa,Cruz Azul,3.63,3.8,2.02,pinnacle,h2h,theoddsapi,2026-08-29T00:51:00Z,2026-08-29T00:51:09Z,close,6,pre-kickoff close tick @ 2026-08-29T00:51:09.054081+00:00
a554260532c7451c5b95ec9359919719,2026-08-29T01:00:00Z,Necaxa,Cruz Azul,Necaxa,Cruz Azul,3.75,3.85,2.08,matchbook,h2h,theoddsapi,2026-08-29T00:51:01Z,2026-08-29T00:51:09Z,close,6,pre-kickoff close tick @ 2026-08-29T00:51:09.054081+00:00
52f20d799654e73911367ab2ede5f6a6,2026-08-29T03:10:00Z,Tijuana,Pumas,Tijuana,UNAM Pumas,2.06,3.65,3.9,betfair_ex_eu,h2h,theoddsapi,2026-08-29T02:51:02Z,2026-08-29T02:51:08Z,close,6,pre-kickoff close tick @ 2026-08-29T02:51:08.078846+00:00
52f20d799654e73911367ab2ede5f6a6,2026-08-29T03:10:00Z,Tijuana,Pumas,Tijuana,UNAM Pumas,2.02,3.64,3.79,pinnacle,h2h,theoddsapi,2026-08-29T02:51:01Z,2026-08-29T02:51:08Z,close,6,pre-kickoff close tick @ 2026-08-29T02:51:08.078846+00:00
52f20d799654e73911367ab2ede5f6a6,2026-08-29T03:10:00Z,Tijuana,Pumas,Tijuana,UNAM Pumas,2.1,3.7,3.9,matchbook,h2h,theoddsapi,2026-08-29T02:51:02Z,2026-08-29T02:51:08Z,close,6,pre-kickoff close tick @ 2026-08-29T02:51:08.078846+00:00
52f20d799654e73911367ab2ede5f6a6,2026-08-29T03:10:00Z,Tijuana,Pumas,Tijuana,UNAM Pumas,2.06,3.7,3.85,betfair_ex_eu,h2h,theoddsapi,2026-08-29T02:55:46Z,2026-08-29T02:56:06Z,close,6,pre-kickoff close tick @ 2026-08-29T02:56:06.639297+00:00
52f20d799654e73911367ab2ede5f6a6,2026-08-29T03:10:00Z,Tijuana,Pumas,Tijuana,UNAM Pumas,2.02,3.64,3.79,pinnacle,h2h,theoddsapi,2026-08-29T02:55:45Z,2026-08-29T02:56:06Z,close,6,pre-kickoff close tick @ 2026-08-29T02:56:06.639297+00:00
52f20d799654e73911367ab2ede5f6a6,2026-08-29T03:10:00Z,Tijuana,Pumas,Tijuana,UNAM Pumas,2.1,3.7,3.9,matchbook,h2h,theoddsapi,2026-08-29T02:55:46Z,2026-08-29T02:56:06Z,close,6,pre-kickoff close tick @ 2026-08-29T02:56:06.639297+00:00
52f20d799654e73911367ab2ede5f6a6,2026-08-29T03:10:00Z,Tijuana,Pumas,Tijuana,UNAM Pumas,2.08,3.7,3.85,betfair_ex_eu,h2h,theoddsapi,2026-08-29T03:00:58Z,2026-08-29T03:01:08Z,close,6,pre-kickoff close tick @ 2026-08-29T03:01:08.532049+00:00
52f20d799654e73911367ab2ede5f6a6,2026-08-29T03:10:00Z,Tijuana,Pumas,Tijuana,UNAM Pumas,2.02,3.63,3.78,pinnacle,h2h,theoddsapi,2026-08-29T03:00:58Z,2026-08-29T03:01:08Z,close,6,pre-kickoff close tick @ 2026-08-29T03:01:08.532049+00:00
52f20d799654e73911367ab2ede5f6a6,2026-08-29T03:10:00Z,Tijuana,Pumas,Tijuana,UNAM Pumas,2.1,3.7,3.9,matchbook,h2h,theoddsapi,2026-08-29T03:00:59Z,2026-08-29T03:01:08Z,close,6,pre-kickoff close tick @ 2026-08-29T03:01:08.532049+00:00
